{
    "entradas":[
            {
                "título":"Primera entrada del blog",
                "fecha":"2024-10-10",
                "texto":"Esto es el primer artículo del blog"
            },
            {
                "título":"Segunda entrada del blog",
                "fecha":"2024-10-11",
                "texto":"Esto es el segundo artículo del blog"
            },
            {
                "título":"Tercera entrada del blog",
                "fecha":"2024-10-12",
                "texto":"Esto es el tercer artículo del blog"
            },
        {
                "título":"Cuarta entrada del blog",
                "fecha":"2024-10-12",
                "texto":"Esto es el cuarto artículo del blog"
            },
        {
                "título":"Quinta entrada del blog",
                "fecha":"2024-10-12",
                "texto":"Esto es el quinto artículo del blog"
            },
        {
                "título":"Sexto entrada del blog",
                "fecha":"2024-10-12",
                "texto":"Esto es el sexto artículo del blog"
            }
      ] 
}